,sceneID,LANDSAT_PRODUCT_ID,acquisitionDate,cloudCover,cartURL,browseURL
1093134,LC81140552013149LGN01,LC08_L1TP_114055_20130529_20170504_01_T1,2013-05-29,2,https://earthexplorer.usgs.gov/order/process?dataset_name=LANDSAT_8_C1&ordered=LC81140552013149LGN01,https://earthexplorer.usgs.gov/browse/landsat_8/2013/114/055/LC08_L1TP_114055_20130529_20170504_01_T1.jpg
1101983,LC81140552013133LGN02,LC08_L1TP_114055_20130513_20170504_01_T1,2013-05-13,5,https://earthexplorer.usgs.gov/order/process?dataset_name=LANDSAT_8_C1&ordered=LC81140552013133LGN02,https://earthexplorer.usgs.gov/browse/landsat_8/2013/114/055/LC08_L1TP_114055_20130513_20170504_01_T1.jpg
1000185,LC81140552013325LGN01,LC08_L1TP_114055_20131121_20170428_01_T1,2013-11-21,1,https://earthexplorer.usgs.gov/order/process?dataset_name=LANDSAT_8_C1&ordered=LC81140552013325LGN01,https://earthexplorer.usgs.gov/browse/landsat_8/2013/114/055/LC08_L1TP_114055_20131121_20170428_01_T1.jpg
1032830,LC81140552013261LGN01,LC08_L1TP_114055_20130918_20170502_01_T1,2013-09-18,5,https://earthexplorer.usgs.gov/order/process?dataset_name=LANDSAT_8_C1&ordered=LC81140552013261LGN01,https://earthexplorer.usgs.gov/browse/landsat_8/2013/114/055/LC08_L1TP_114055_20130918_20170502_01_T1.jpg
916758,LC81140552014104LGN01,LC08_L1TP_114055_20140414_20170423_01_T1,2014-04-14,5,https://earthexplorer.usgs.gov/order/process?dataset_name=LANDSAT_8_C1&ordered=LC81140552014104LGN01,https://earthexplorer.usgs.gov/browse/landsat_8/2014/114/055/LC08_L1TP_114055_20140414_20170423_01_T1.jpg
925933,LC81140552014088LGN01,LC08_L1TP_114055_20140329_20170424_01_T1,2014-03-29,6,https://earthexplorer.usgs.gov/order/process?dataset_name=LANDSAT_8_C1&ordered=LC81140552014088LGN01,https://earthexplorer.usgs.gov/browse/landsat_8/2014/114/055/LC08_L1TP_114055_20140329_20170424_01_T1.jpg
764111,LC81140552014328LGN01,LC08_L1TP_114055_20141124_20170417_01_T1,2014-11-24,1,https://earthexplorer.usgs.gov/order/process?dataset_name=LANDSAT_8_C1&ordered=LC81140552014328LGN01,https://earthexplorer.usgs.gov/browse/landsat_8/2014/114/055/LC08_L1TP_114055_20141124_20170417_01_T1.jpg
775820,LC81140552014312LGN01,LC08_L1TP_114055_20141108_20170417_01_T1,2014-11-08,3,https://earthexplorer.usgs.gov/order/process?dataset_name=LANDSAT_8_C1&ordered=LC81140552014312LGN01,https://earthexplorer.usgs.gov/browse/landsat_8/2014/114/055/LC08_L1TP_114055_20141108_20170417_01_T1.jpg
682767,LC81140552015075LGN01,LC08_L1TP_114055_20150316_20170412_01_T1,2015-03-16,0,https://earthexplorer.usgs.gov/order/process?dataset_name=LANDSAT_8_C1&ordered=LC81140552015075LGN01,https://earthexplorer.usgs.gov/browse/landsat_8/2015/114/055/LC08_L1TP_114055_20150316_20170412_01_T1.jpg
638975,LC81140552015139LGN01,LC08_L1TP_114055_20150519_20170408_01_T1,2015-05-19,1,https://earthexplorer.usgs.gov/order/process?dataset_name=LANDSAT_8_C1&ordered=LC81140552015139LGN01,https://earthexplorer.usgs.gov/browse/landsat_8/2015/114/055/LC08_L1TP_114055_20150519_20170408_01_T1.jpg
517377,LC81140552015315LGN01,LC08_L1TP_114055_20151111_20170402_01_T1,2015-11-11,0,https://earthexplorer.usgs.gov/order/process?dataset_name=LANDSAT_8_C1&ordered=LC81140552015315LGN01,https://earthexplorer.usgs.gov/browse/landsat_8/2015/114/055/LC08_L1TP_114055_20151111_20170402_01_T1.jpg
505692,LC81140552015331LGN02,LC08_L1TP_114055_20151127_20170401_01_T1,2015-11-27,1,https://earthexplorer.usgs.gov/order/process?dataset_name=LANDSAT_8_C1&ordered=LC81140552015331LGN02,https://earthexplorer.usgs.gov/browse/landsat_8/2015/114/055/LC08_L1TP_114055_20151127_20170401_01_T1.jpg
379289,LC81140552016142LGN01,LC08_L1TP_114055_20160521_20170324_01_T1,2016-05-21,0,https://earthexplorer.usgs.gov/order/process?dataset_name=LANDSAT_8_C1&ordered=LC81140552016142LGN01,https://earthexplorer.usgs.gov/browse/landsat_8/2016/114/055/LC08_L1TP_114055_20160521_20170324_01_T1.jpg
401124,LC81140552016110LGN01,LC08_L1TP_114055_20160419_20170326_01_T1,2016-04-19,0,https://earthexplorer.usgs.gov/order/process?dataset_name=LANDSAT_8_C1&ordered=LC81140552016110LGN01,https://earthexplorer.usgs.gov/browse/landsat_8/2016/114/055/LC08_L1TP_114055_20160419_20170326_01_T1.jpg
254206,LC81140552016318LGN01,LC08_L1TP_114055_20161113_20170318_01_T1,2016-11-13,1,https://earthexplorer.usgs.gov/order/process?dataset_name=LANDSAT_8_C1&ordered=LC81140552016318LGN01,https://earthexplorer.usgs.gov/browse/landsat_8/2016/114/055/LC08_L1TP_114055_20161113_20170318_01_T1.jpg
244045,LC81140552016334LGN01,LC08_L1TP_114055_20161129_20170317_01_T1,2016-11-29,4,https://earthexplorer.usgs.gov/order/process?dataset_name=LANDSAT_8_C1&ordered=LC81140552016334LGN01,https://earthexplorer.usgs.gov/browse/landsat_8/2016/114/055/LC08_L1TP_114055_20161129_20170317_01_T1.jpg
171204,LC81140552017080LGN00,LC08_L1TP_114055_20170321_20170328_01_T1,2017-03-21,2,https://earthexplorer.usgs.gov/order/process?dataset_name=LANDSAT_8_C1&ordered=LC81140552017080LGN00,https://earthexplorer.usgs.gov/browse/landsat_8/2017/114/055/LC08_L1TP_114055_20170321_20170328_01_T1.jpg
149678,LC81140552017112LGN00,LC08_L1TP_114055_20170422_20170501_01_T1,2017-04-22,4,https://earthexplorer.usgs.gov/order/process?dataset_name=LANDSAT_8_C1&ordered=LC81140552017112LGN00,https://earthexplorer.usgs.gov/browse/landsat_8/2017/114/055/LC08_L1TP_114055_20170422_20170501_01_T1.jpg
16483,LC81140552017304LGN00,LC08_L1TP_114055_20171031_20171109_01_T1,2017-10-31,2,https://earthexplorer.usgs.gov/order/process?dataset_name=LANDSAT_8_C1&ordered=LC81140552017304LGN00,https://earthexplorer.usgs.gov/browse/landsat_8/2017/114/055/LC08_L1TP_114055_20171031_20171109_01_T1.jpg
40148,LC81140552017272LGN00,LC08_L1TP_114055_20170929_20171013_01_T1,2017-09-29,3,https://earthexplorer.usgs.gov/order/process?dataset_name=LANDSAT_8_C1&ordered=LC81140552017272LGN00,https://earthexplorer.usgs.gov/browse/landsat_8/2017/114/055/LC08_L1TP_114055_20170929_20171013_01_T1.jpg
